Fichero pcap;APPID 
T0866-VulnAccess-SMBv1_[2].pcapng;15895
T0866-VulnAccess-SMBv1_[2].pcapng;17017
T0866-VulnAccess-SMBv1_[2].pcapng;27457
T0866-VulnAccess-SMBv1_[2].pcapng;44611
T0866-VulnAccess-SMBv1_[2].pcapng;10000483
T0866-RemoteAccess-VNC-FIXED_[2].pcapng;15510
T0848-RogueMaster-IEC-104_[2].pcapng;33114
T0848-RogueMaster-IEC-104_[2].pcapng;33115
T0848-RogueMaster-IEC-104_[2].pcapng;33116
T0848-RogueMaster-IEC-104_[2].pcapng;33117
T0848-RogueMaster-IEC-104_[2].pcapng;33118
T0848-RogueMaster-IEC-104_[2].pcapng;33119
T0848-RogueMaster-IEC-104_[2].pcapng;33120
T0848-RogueMaster-IEC-104_[2].pcapng;33124
T0848-RogueMaster-IEC-104_[2].pcapng;33125
T0848-RogueMaster-IEC-104_[2].pcapng;33129
T0848-RogueMaster-IEC-104_[2].pcapng;40860
T0848-RogueMaster-IEC-104_[2].pcapng;40862
T0848-RogueMaster-IEC-104_[2].pcapng;40985
T0848-RogueMaster-IEC-104_[2].pcapng;41062
T0848-RogueMaster-IEC-104_[2].pcapng;41214
T0848-RogueMaster-IEC-104_[2].pcapng;41215
T0848-RogueMaster-IEC-104_[2].pcapng;41216
T0848-RogueMaster-IEC-104_[2].pcapng;41218
T0848-RogueMaster-IEC-104_[2].pcapng;41220
T0848-RogueMaster-IEC-104_[2].pcapng;10002858
T0848-RogueMaster-DNP3-FIXED_[1].pcapng;17842
T0848-RogueMaster-DNP3-FIXED_[1].pcapng;17843
T0848-RogueMaster-DNP3-FIXED_[1].pcapng;31756
T0848-RogueMaster-DNP3-FIXED_[1].pcapng;31800
T0848-RogueMaster-DNP3-FIXED_[1].pcapng;31803
T0848-RogueMaster-DNP3-FIXED_[1].pcapng;31806
T0848-RogueMaster-DNP3-FIXED_[1].pcapng;31807
T0848-RogueMaster-DNP3-FIXED_[1].pcapng;31813
T0848-RogueMaster-DNP3-FIXED_[1].pcapng;31817
T0848-RogueMaster-DNP3-FIXED_[1].pcapng;31818
T0848-RogueMaster-DNP3-FIXED_[1].pcapng;51798
T0848-RogueMaster-DNP3-FIXED_[1].pcapng;51802
T0848-RogueMaster-DNP3-FIXED_[1].pcapng;51812
T0848-RogueMaster-DNP3-FIXED_[1].pcapng;55660
T0848-RogueMaster-DNP3-FIXED_[1].pcapng;55662
T0848-RogueMaster-DNP3-FIXED_[1].pcapng;10003728
T0858-ChangeOPMode-Omron_[2].pcapng;51608
T0858-ChangeOPMode-Omron_[2].pcapng;51607
T0890-EscalPrivileges-NetLogon_[2].pcapng;15897
T0846-DiscoveryNmap-S7_[1].pcapng;42210
T0846-DiscoveryNmap-S7_[1].pcapng;42225
T0846-DiscoveryNmap-S7_[1].pcapng;10000166
T0846-DiscoveryNmap-Modbus_[1].pcapng;25899
T0846-DiscoveryNmap-Modbus_[1].pcapng;31625
T0846-DiscoveryNmap-Modbus_[1].pcapng;40034
T0846-DiscoveryNmap-Modbus_[1].pcapng;41291
T0846-DiscoveryNmap-Modbus_[1].pcapng;41297
T0846-DiscoveryNmap-Modbus_[1].pcapng;45339
T0846-DiscoveryNmap-Modbus_[1].pcapng;51756
T0846-DiscoverMetasp-Modbus_[1].pcapng;25873
T0846-DiscoverMetasp-Modbus_[1].pcapng;40034
T0846-DiscoverMetasp-Modbus_[1].pcapng;41282
T0846-DiscoverMetasp-Modbus_[1].pcapng;48884
T0888-DiscverFindID-Modbus_[1].pcapng / T0888-DiscverCoils-Modbus_[1].pcapng / T0888-DiscverRegisters-Modbus_[1].pcapng / T0888-DiscverRegisters2-Modbus_[1].pcapng;25873
T0888-DiscverFindID-Modbus_[1].pcapng / T0888-DiscverCoils-Modbus_[1].pcapng / T0888-DiscverRegisters-Modbus_[1].pcapng / T0888-DiscverRegisters2-Modbus_[1].pcapng;40034
T0888-DiscverFindID-Modbus_[1].pcapng / T0888-DiscverCoils-Modbus_[1].pcapng / T0888-DiscverRegisters-Modbus_[1].pcapng / T0888-DiscverRegisters2-Modbus_[1].pcapng;41282
T0888-DiscverFindID-Modbus_[1].pcapng / T0888-DiscverCoils-Modbus_[1].pcapng / T0888-DiscverRegisters-Modbus_[1].pcapng / T0888-DiscverRegisters2-Modbus_[1].pcapng;48884
T0888-DiscverFindID-Modbus_[1].pcapng / T0888-DiscverCoils-Modbus_[1].pcapng / T0888-DiscverRegisters-Modbus_[1].pcapng / T0888-DiscverRegisters2-Modbus_[1].pcapng;25830
T0888-DiscverFindID-Modbus_[1].pcapng / T0888-DiscverCoils-Modbus_[1].pcapng / T0888-DiscverRegisters-Modbus_[1].pcapng / T0888-DiscverRegisters2-Modbus_[1].pcapng;48881
T0888-DiscverFindID-Modbus_[1].pcapng / T0888-DiscverCoils-Modbus_[1].pcapng / T0888-DiscverRegisters-Modbus_[1].pcapng / T0888-DiscverRegisters2-Modbus_[1].pcapng;16938
T0888-DiscverFindID-Modbus_[1].pcapng / T0888-DiscverCoils-Modbus_[1].pcapng / T0888-DiscverRegisters-Modbus_[1].pcapng / T0888-DiscverRegisters2-Modbus_[1].pcapng;25855
T0888-DiscverFindID-Modbus_[1].pcapng / T0888-DiscverCoils-Modbus_[1].pcapng / T0888-DiscverRegisters-Modbus_[1].pcapng / T0888-DiscverRegisters2-Modbus_[1].pcapng;48883
T0888-DiscoverInfo-DNP3_[1].pcapng;17189
T0888-DiscoverInfo-DNP3_[1].pcapng;17842
T0888-DiscoverInfo-DNP3_[1].pcapng;17843
T0888-DiscoverInfo-DNP3_[1].pcapng;31756
T0888-DiscoverInfo-DNP3_[1].pcapng;31817
T0888-DiscoverInfo-DNP3_[1].pcapng;31818
T0888-DiscoverInfo-DNP3_[1].pcapng;51798
T0888-DiscoverInfo-DNP3_[1].pcapng;51802
T0888-DiscoverInfo-DNP3_[1].pcapng;51812
T0888-DiscoverInfo-DNP3_[1].pcapng;55662
T0888-DiscoverInfo-DNP3_[1].pcapng;10003728
T0846-Discovery-BacNet_[2].pcap ;42966
T0846-Discovery-BacNet_[2].pcap ;42999
T0846-Discovery-BacNet_[2].pcap ;10000388
T0846-Discovery-BacNet_[2].pcap ;10003733
T0846-Discovery-IEC104_[2].pcapng;33114
T0846-Discovery-IEC104_[2].pcapng;33115
T0846-Discovery-IEC104_[2].pcapng;33118
T0846-Discovery-IEC104_[2].pcapng;33119
T0846-Discovery-IEC104_[2].pcapng;33120
T0846-Discovery-IEC104_[2].pcapng;33124
T0846-Discovery-IEC104_[2].pcapng;33125
T0846-Discovery-IEC104_[2].pcapng;40860
T0846-Discovery-IEC104_[2].pcapng;40981
T0846-Discovery-IEC104_[2].pcapng;41214
T0846-Discovery-IEC104_[2].pcapng;41215
T0846-Discovery-IEC104_[2].pcapng;10002858
T0888-ScanInfo-MQTT_[2].pcap / T0888-ScanInfo-MQTT-noAuth_[2].pcap;37200
T0888-ScanInfo-MQTT_[2].pcap / T0888-ScanInfo-MQTT-noAuth_[2].pcap;10000180
T0888-ScanInfo-OPCUA-Nmap_[2].pcapng;15511
T0888-ScanInfo-OPCUA-Nmap_[2].pcapng;16083
T0888-ScanInfo-OPCUA-Nmap_[2].pcapng;16206
T0888-ScanInfo-OPCUA-Nmap_[2].pcapng;16265
T0888-ScanInfo-OPCUA-Nmap_[2].pcapng;24466
T0888-ScanInfo-OPCUA-Nmap_[2].pcapng;44161
T0888-ScanInfo-OPCUA-OpcScan_[2].pcapng;44142
T0888-ScanInfo-OPCUA-OpcScan_[2].pcapng;44143
T0888-ScanInfo-OPCUA-OpcScan_[2].pcapng;44144
T0888-ScanInfo-OPCUA-OpcScan_[2].pcapng;44145
T0888-ScanInfo-OPCUA-OpcScan_[2].pcapng;44146
T0888-ScanInfo-OPCUA-OpcScan_[2].pcapng;44147
T0888-ScanInfo-OPCUA-OpcScan_[2].pcapng;44148
T0888-ScanInfo-OPCUA-OpcScan_[2].pcapng;44151
T0888-ScanInfo-OPCUA-OpcScan_[2].pcapng;44791
T0888-ScanInfo-OPCUA-OpcScan_[2].pcapng;44797
T0888-ScanInfo-OPCUA-OpcScan_[2].pcapng;44799
T0888-ScanInfo-OPCUA-OpcScan_[2].pcapng;44804
T0888-ScanInfo-ENIP_[2].pcapng;45416
T0888-ScanInfo-ENIP_[2].pcapng;10000167
T0888-ScanInfo-ENIP_[2].pcapng;10002580
T0888-ScanInfo-OmronFINS_[2].pcapng;44542
T0888-ScanInfo-OmronFINS_[2].pcapng;51609
T0888-ScanInfo-OmronFINS_[2].pcapng;10000000
T0843-ProgDownload-IEC104_[2].pcapng;33114
T0843-ProgDownload-IEC104_[2].pcapng;33115
T0843-ProgDownload-IEC104_[2].pcapng;33118
T0843-ProgDownload-IEC104_[2].pcapng;33119
T0843-ProgDownload-IEC104_[2].pcapng;33120
T0843-ProgDownload-IEC104_[2].pcapng;33122
T0843-ProgDownload-IEC104_[2].pcapng;33123
T0843-ProgDownload-IEC104_[2].pcapng;33124
T0843-ProgDownload-IEC104_[2].pcapng;33125
T0843-ProgDownload-IEC104_[2].pcapng;33129
T0843-ProgDownload-IEC104_[2].pcapng;40860
T0843-ProgDownload-IEC104_[2].pcapng;40862
T0843-ProgDownload-IEC104_[2].pcapng;40981
T0843-ProgDownload-IEC104_[2].pcapng;41060
T0843-ProgDownload-IEC104_[2].pcapng;41062
T0843-ProgDownload-IEC104_[2].pcapng;41064
T0843-ProgDownload-IEC104_[2].pcapng;41215
T0843-ProgDownload-IEC104_[2].pcapng;41216
T0843-ProgDownload-IEC104_[2].pcapng;41218
T0843-ProgDownload-IEC104_[2].pcapng;41223
T0843-ProgDownload-IEC104_[2].pcapng;41228
T0843-ProgDownload-IEC104_[2].pcapng;41229
T0843-ProgDownload-IEC104_[2].pcapng;41230
T0843-ProgDownload-IEC104_[2].pcapng;41231
T0843-ProgDownload-IEC104_[2].pcapng;41232
T0843-ProgDownload-IEC104_[2].pcapng;41233
T0843-ProgDownload-IEC104_[2].pcapng;10002858
T0886-BruteForce-MQTT_[2].pcapng;37200
T0886-BruteForce-MQTT_[2].pcapng;10000180
T0843-FileRead-DNP3-FIXED_[1].pcapng / T0843-FileWrite-DNP3-FIXED_[1].pcapng;17189
T0843-FileRead-DNP3-FIXED_[1].pcapng / T0843-FileWrite-DNP3-FIXED_[1].pcapng;17842
T0843-FileRead-DNP3-FIXED_[1].pcapng / T0843-FileWrite-DNP3-FIXED_[1].pcapng;17843
T0843-FileRead-DNP3-FIXED_[1].pcapng / T0843-FileWrite-DNP3-FIXED_[1].pcapng;31817
T0843-FileRead-DNP3-FIXED_[1].pcapng / T0843-FileWrite-DNP3-FIXED_[1].pcapng;45403
T0843-FileRead-DNP3-FIXED_[1].pcapng / T0843-FileWrite-DNP3-FIXED_[1].pcapng;51798
T0843-FileRead-DNP3-FIXED_[1].pcapng / T0843-FileWrite-DNP3-FIXED_[1].pcapng;51802
T0843-FileRead-DNP3-FIXED_[1].pcapng / T0843-FileWrite-DNP3-FIXED_[1].pcapng;51812
T0843-FileRead-DNP3-FIXED_[1].pcapng / T0843-FileWrite-DNP3-FIXED_[1].pcapng;55662
T0843-FileRead-DNP3-FIXED_[1].pcapng / T0843-FileWrite-DNP3-FIXED_[1].pcapng;10003728
T0843-FileDownload-Modbus_[1].pcapng / T0843-FileUpload-Modbus_[1].pcapng;16938
T0843-FileDownload-Modbus_[1].pcapng / T0843-FileUpload-Modbus_[1].pcapng;25855
T0843-FileDownload-Modbus_[1].pcapng / T0843-FileUpload-Modbus_[1].pcapng;48883
T0843-FileDownload-Modbus_[1].pcapng / T0843-FileUpload-Modbus_[1].pcapng;25900
T0843-FileDownload-Modbus_[1].pcapng / T0843-FileUpload-Modbus_[1].pcapng;48888
T0802-AutoCollect-OPCUA_[2].pcapng;44142
T0802-AutoCollect-OPCUA_[2].pcapng;44143
T0802-AutoCollect-OPCUA_[2].pcapng;44144
T0802-AutoCollect-OPCUA_[2].pcapng;44145
T0802-AutoCollect-OPCUA_[2].pcapng;44146
T0802-AutoCollect-OPCUA_[2].pcapng;44147
T0802-AutoCollect-OPCUA_[2].pcapng;44148
T0802-AutoCollect-OPCUA_[2].pcapng;44150
T0802-AutoCollect-OPCUA_[2].pcapng;44151
T0802-AutoCollect-OPCUA_[2].pcapng;44152
T0802-AutoCollect-OPCUA_[2].pcapng;44153
T0802-AutoCollect-OPCUA_[2].pcapng;44791
T0802-AutoCollect-OPCUA_[2].pcapng;44799
T0802-AutoCollect-OPCUA_[2].pcapng;10000166
T0830-MITM-BacNet-FIXED_[2].pcapng;42966
T0830-MITM-BacNet-FIXED_[2].pcapng;42967
T0830-MITM-BacNet-FIXED_[2].pcapng;42983
T0830-MITM-BacNet-FIXED_[2].pcapng;42999
T0802-AutoCollect-SNMP_[1].pcapng;34789
T0802-AutoCollect-SNMP_[1].pcapng;34795
T0809-DataDestroy-OMRON_[2].pcapng;44542
T0809-DataDestroy-OMRON_[2].pcapng;51590
T0809-DataDestroy-OMRON_[2].pcapng;51591
T0809-DataDestroy-OMRON_[2].pcapng;51592
T0809-DataDestroy-OMRON_[2].pcapng;51593
T0809-DataDestroy-OMRON_[2].pcapng;51594
T0809-DataDestroy-OMRON_[2].pcapng;51595
T0809-DataDestroy-OMRON_[2].pcapng;51596
T0809-DataDestroy-OMRON_[2].pcapng;51597
T0809-DataDestroy-OMRON_[2].pcapng;51598
T0809-DataDestroy-OMRON_[2].pcapng;51599
T0809-DataDestroy-OMRON_[2].pcapng;51600
T0809-DataDestroy-OMRON_[2].pcapng;51603
T0809-DataDestroy-OMRON_[2].pcapng;51604
T0809-DataDestroy-OMRON_[2].pcapng;51605
T0809-DataDestroy-OMRON_[2].pcapng;51606
T0809-DataDestroy-OMRON_[2].pcapng;51607
T0809-DataDestroy-OMRON_[2].pcapng;51608
T0809-DataDestroy-OMRON_[2].pcapng;51609
T0809-DataDestroy-OMRON_[2].pcapng;51610
T0809-DataDestroy-OMRON_[2].pcapng;51611
T0809-DataDestroy-OMRON_[2].pcapng;51612
T0809-DataDestroy-OMRON_[2].pcapng;51613
T0809-DataDestroy-OMRON_[2].pcapng;51614
T0809-DataDestroy-OMRON_[2].pcapng;51615
T0809-DataDestroy-OMRON_[2].pcapng;51616
T0809-DataDestroy-OMRON_[2].pcapng;51617
T0809-DataDestroy-OMRON_[2].pcapng;51618
T0809-DataDestroy-OMRON_[2].pcapng;51619
T0809-DataDestroy-OMRON_[2].pcapng;51620
T0809-DataDestroy-OMRON_[2].pcapng;51621
T0809-DataDestroy-OMRON_[2].pcapng;51622
T0809-DataDestroy-OMRON_[2].pcapng;51623
T0809-DataDestroy-OMRON_[2].pcapng;51624
T0809-DataDestroy-OMRON_[2].pcapng;51625
T0809-DataDestroy-OMRON_[2].pcapng;51626
T0809-DataDestroy-OMRON_[2].pcapng;51627
T0809-DataDestroy-OMRON_[2].pcapng;51628
T0809-DataDestroy-OMRON_[2].pcapng;51629
T0809-DataDestroy-OMRON_[2].pcapng;51630
T0809-DataDestroy-OMRON_[2].pcapng;51631
T0809-DataDestroy-OMRON_[2].pcapng;51632
T0809-DataDestroy-OMRON_[2].pcapng;51633
T0809-DataDestroy-OMRON_[2].pcapng;51634
T0809-DataDestroy-OMRON_[2].pcapng;51635
T0809-DataDestroy-OMRON_[2].pcapng;51636
T0809-DataDestroy-OMRON_[2].pcapng;51637
T0809-DataDestroy-OMRON_[2].pcapng;51638
T0809-DataDestroy-OMRON_[2].pcapng;51639
T0809-DataDestroy-OMRON_[2].pcapng;51640
T0809-DataDestroy-OMRON_[2].pcapng;51641
T0809-DataDestroy-OMRON_[2].pcapng;51642
T0809-DataDestroy-OMRON_[2].pcapng;51643
T0809-DataDestroy-OMRON_[2].pcapng;51644
T0809-DataDestroy-OMRON_[2].pcapng;44542
T0809-DataDestroy-OMRON_[2].pcapng;51590
T0809-DataDestroy-OMRON_[2].pcapng;51591
T0809-DataDestroy-OMRON_[2].pcapng;51592
T0809-DataDestroy-OMRON_[2].pcapng;51593
T0809-DataDestroy-OMRON_[2].pcapng;51594
T0809-DataDestroy-OMRON_[2].pcapng;51595
T0809-DataDestroy-OMRON_[2].pcapng;51596
T0809-DataDestroy-OMRON_[2].pcapng;51597
T0809-DataDestroy-OMRON_[2].pcapng;51598
T0809-DataDestroy-OMRON_[2].pcapng;51599
T0809-DataDestroy-OMRON_[2].pcapng;51600
T0809-DataDestroy-OMRON_[2].pcapng;51603
T0809-DataDestroy-OMRON_[2].pcapng;51604
T0809-DataDestroy-OMRON_[2].pcapng;51605
T0809-DataDestroy-OMRON_[2].pcapng;51606
T0809-DataDestroy-OMRON_[2].pcapng;51607
T0809-DataDestroy-OMRON_[2].pcapng;51608
T0809-DataDestroy-OMRON_[2].pcapng;51609
T0809-DataDestroy-OMRON_[2].pcapng;51610
T0809-DataDestroy-OMRON_[2].pcapng;51611
T0809-DataDestroy-OMRON_[2].pcapng;51612
T0809-DataDestroy-OMRON_[2].pcapng;51613
T0809-DataDestroy-OMRON_[2].pcapng;51614
T0809-DataDestroy-OMRON_[2].pcapng;51615
T0809-DataDestroy-OMRON_[2].pcapng;51616
T0809-DataDestroy-OMRON_[2].pcapng;51617
T0809-DataDestroy-OMRON_[2].pcapng;51618
T0809-DataDestroy-OMRON_[2].pcapng;51619
T0809-DataDestroy-OMRON_[2].pcapng;51620
T0809-DataDestroy-OMRON_[2].pcapng;51621
T0809-DataDestroy-OMRON_[2].pcapng;51622
T0809-DataDestroy-OMRON_[2].pcapng;51623
T0809-DataDestroy-OMRON_[2].pcapng;51624
T0809-DataDestroy-OMRON_[2].pcapng;51625
T0809-DataDestroy-OMRON_[2].pcapng;51626
T0809-DataDestroy-OMRON_[2].pcapng;51627
T0809-DataDestroy-OMRON_[2].pcapng;51628
T0809-DataDestroy-OMRON_[2].pcapng;51629
T0809-DataDestroy-OMRON_[2].pcapng;51630
T0809-DataDestroy-OMRON_[2].pcapng;51631
T0809-DataDestroy-OMRON_[2].pcapng;51632
T0809-DataDestroy-OMRON_[2].pcapng;51633
T0809-DataDestroy-OMRON_[2].pcapng;51634
T0809-DataDestroy-OMRON_[2].pcapng;51635
T0809-DataDestroy-OMRON_[2].pcapng;51636
T0809-DataDestroy-OMRON_[2].pcapng;51637
T0809-DataDestroy-OMRON_[2].pcapng;51638
T0809-DataDestroy-OMRON_[2].pcapng;51639
T0809-DataDestroy-OMRON_[2].pcapng;51640
T0809-DataDestroy-OMRON_[2].pcapng;51641
T0809-DataDestroy-OMRON_[2].pcapng;51642
T0809-DataDestroy-OMRON_[2].pcapng;51643
T0809-DataDestroy-OMRON_[2].pcapng;51644
T0809-DataDestroy-OMRON_[2].pcapng;51645
T0809-DataDestroy-OMRON_[2].pcapng;51646
T0809-DataDestroy-OMRON_[2].pcapng;51663
T0809-DataDestroy-OMRON_[2].pcapng;51664
T0814-DoS-OPCUA_[2].pcap;44142
T0814-DoS-OPCUA_[2].pcap;44143
T0814-DoS-OPCUA_[2].pcap;44145
T0814-DoS-OPCUA_[2].pcap;44146
T0814-DoS-OPCUA_[2].pcap;44161
T0814-DoS-OPCUA_[2].pcap;44791
T0814-DoS-OPCUA_[2].pcap;44799
T0816-RestartAllenBradley-SNMP_[2].pcapng;34793
T0816-RestartAllenBradley-SNMP_[2].pcapng;44192
T0816-RestartAllenBradley-SNMP_[2].pcapng;44199
T0816-RestartAllenBradley-SNMP_[2].pcapng;45361
T0816-RestartAllenBradley-SNMP_[2].pcapng;45418
T0816-RestartAllenBradley-SNMP_[2].pcapng;10000158
T0816-RestartAllenBradley-SNMP_[2].pcapng;10002579
T0816-StopCommand-S7Comm_[2].pcapng;42212
T0814-DoS-PCC_[1].pcapng;44194
T0814-DoS-PCC_[1].pcapng;45361
T0814-DoS-PCC_[1].pcapng;45418
T0814-DoS-PCC_[1].pcapng;53036
T0816-ShtDownAllenBradley-CIP_[1].pcapng;44195
T0816-ShtDownAllenBradley-CIP_[1].pcapng;45368
T0816-ShtDownAllenBradley-CIP_[1].pcapng;45418
T0816-ShutDown-Modbus_[1].pcapng;16938
T0816-ShutDown-Modbus_[1].pcapng;25890
T0816-ShutDown-Modbus_[1].pcapng;48887
T0836-ModifyParam-OmronFINS_[2].pcapng;51590
T0836-ModifyParam-OmronFINS_[2].pcapng;51591
T0836-ModifyParam-OmronFINS_[2].pcapng;51592
T0836-ModifyParam-OmronFINS_[2].pcapng;51594
T0836-ModifParam-Modbus_[1].pcapng;16938
T0836-ModifParam-Modbus_[1].pcapng;25902
T0836-ModifParam-Modbus_[1].pcapng;48886
T0836-ModifParam-S7_[1].pcapng;42210
T0836-ModifParam-S7_[1].pcapng;42213
T0836-ModifParam-S7_[1].pcapng;42214
T0885-C&Cp502RWin-TCP_[1].pcapng / T0885-C&Cp502RWin-TCP-2_[1].pcapng / T0885-C&Cp502RWin-TCP-3_[1].pcapng;1459473
T0831-Modifparam-IEC104_[2].pcapng;33114
T0831-Modifparam-IEC104_[2].pcapng;33115
T0831-Modifparam-IEC104_[2].pcapng;33118
T0831-Modifparam-IEC104_[2].pcapng;33119
T0831-Modifparam-IEC104_[2].pcapng;33120
T0831-Modifparam-IEC104_[2].pcapng;33121
T0831-Modifparam-IEC104_[2].pcapng;33123
T0831-Modifparam-IEC104_[2].pcapng;33124
T0831-Modifparam-IEC104_[2].pcapng;33125
T0831-Modifparam-IEC104_[2].pcapng;33129
T0831-Modifparam-IEC104_[2].pcapng;40860
T0831-Modifparam-IEC104_[2].pcapng;40862
T0831-Modifparam-IEC104_[2].pcapng;41060
T0831-Modifparam-IEC104_[2].pcapng;41062
T0831-Modifparam-IEC104_[2].pcapng;41064
T0831-Modifparam-IEC104_[2].pcapng;41153
T0831-Modifparam-IEC104_[2].pcapng;41158
T0831-Modifparam-IEC104_[2].pcapng;41215
T0831-Modifparam-IEC104_[2].pcapng;41216
T0831-Modifparam-IEC104_[2].pcapng;41218
T0831-Modifparam-IEC104_[2].pcapng;41223
T0831-Modifparam-IEC104_[2].pcapng;10002858
T0882-DirectoryRead-IEC104_[2].pcapng;33114
T0882-DirectoryRead-IEC104_[2].pcapng;33115
T0882-DirectoryRead-IEC104_[2].pcapng;33120
T0882-DirectoryRead-IEC104_[2].pcapng;33122
T0882-DirectoryRead-IEC104_[2].pcapng;33124
T0882-DirectoryRead-IEC104_[2].pcapng;33125
T0882-DirectoryRead-IEC104_[2].pcapng;33129
T0882-DirectoryRead-IEC104_[2].pcapng;40860
T0882-DirectoryRead-IEC104_[2].pcapng;41214
T0882-DirectoryRead-IEC104_[2].pcapng;41215
T0882-DirectoryRead-IEC104_[2].pcapng;41216
T0882-DirectoryRead-IEC104_[2].pcapng;41218
T0882-DirectoryRead-IEC104_[2].pcapng;41230
T0882-DirectoryRead-IEC104_[2].pcapng;41234
T0882-DirectoryRead-IEC104_[2].pcapng;10002858
T0831-ModifParam-DNP3_[1].pcapng;17842
T0831-ModifParam-DNP3_[1].pcapng;17843
T0831-ModifParam-DNP3_[1].pcapng;31756
T0831-ModifParam-DNP3_[1].pcapng;31760
T0831-ModifParam-DNP3_[1].pcapng;31817
T0831-ModifParam-DNP3_[1].pcapng;51798
T0831-ModifParam-DNP3_[1].pcapng;51802
T0831-ModifParam-DNP3_[1].pcapng;51812
T0831-ModifParam-DNP3_[1].pcapng;55662
T0831-ModifParam-DNP3_[1].pcapng;10003728
T0882-DirRead-DNP3-FIXED_[1].pcapng;17843
T0882-DirRead-DNP3-FIXED_[1].pcapng;31817
T0882-DirRead-DNP3-FIXED_[1].pcapng;45403
T0882-DirRead-DNP3-FIXED_[1].pcapng;45404
T0882-DirRead-DNP3-FIXED_[1].pcapng;51798
T0882-DirRead-DNP3-FIXED_[1].pcapng;51802
T0882-DirRead-DNP3-FIXED_[1].pcapng;51812
T0882-DirRead-DNP3-FIXED_[1].pcapng;55662
T0882-DirRead-DNP3-FIXED_[1].pcapng;10003728
bacnet_test[3].pcapng ;25834
bacnet_test[3].pcapng ;42999
bacnet_test[3].pcapng ;42966
dnp3_test_data_part1[3].pcapng ;51812
dnp3_test_data_part1[3].pcapng ;31818
dnp3_test_data_part1[3].pcapng ;10003728
dnp3_test_data_part1[3].pcapng ;31806
dnp3_test_data_part1[3].pcapng ;31817
dnp3_test_data_part1[3].pcapng ;17843
dnp3_test_data_part1[3].pcapng ;55661
dnp3_test_data_part1[3].pcapng ;31814
dnp3_test_data_part1[3].pcapng ;55662
dnp3_test_data_part1[3].pcapng ;31811
dnp3_test_data_part1[3].pcapng ;31756
fox_info[3].pcapng ;47787
fox_info[3].pcapng ;10002767
fox_info[3].pcapng ;10004318
modbus_test_data_part1[3].pcapng ;16938
modbus_test_data_part1[3].pcapng ;25830
modbus_test_data_part1[3].pcapng ;25855
modbus_test_data_part1[3].pcapng ;25899
modbus_test_data_part1[3].pcapng ;25901
modbus_test_data_part1[3].pcapng ;25902
modbus_test_data_part1[3].pcapng ;31622
modbus_test_data_part1[3].pcapng ;31625
modbus_test_data_part1[3].pcapng ;40046
modbus_test_data_part1[3].pcapng ;41286
modbus_test_data_part1[3].pcapng ;45339
modbus_test_data_part1[3].pcapng ;45342
modbus_test_data_part1[3].pcapng ;45345
modbus_test_data_part1[3].pcapng ;45346
modbus_test_data_part1[3].pcapng ;48881
modbus_test_data_part1[3].pcapng ;48883
modbus_test_data_part1[3].pcapng ;48885
modbus_test_data_part1[3].pcapng ;48886
modbus_test_data_part1[3].pcapng ;51756
modbus_test_data_part2[3].pcapng ;16938
modbus_test_data_part2[3].pcapng ;25830
modbus_test_data_part2[3].pcapng ;25832
modbus_test_data_part2[3].pcapng ;25850
modbus_test_data_part2[3].pcapng ;25852
modbus_test_data_part2[3].pcapng ;25854
modbus_test_data_part2[3].pcapng ;25855
modbus_test_data_part2[3].pcapng ;25873
modbus_test_data_part2[3].pcapng ;25876
modbus_test_data_part2[3].pcapng ;25889
modbus_test_data_part2[3].pcapng ;25890
modbus_test_data_part2[3].pcapng ;25899
modbus_test_data_part2[3].pcapng ;25900
modbus_test_data_part2[3].pcapng ;25901
modbus_test_data_part2[3].pcapng ;25902
modbus_test_data_part2[3].pcapng ;31621
modbus_test_data_part2[3].pcapng ;31622
modbus_test_data_part2[3].pcapng ;31623
modbus_test_data_part2[3].pcapng ;31624
modbus_test_data_part2[3].pcapng ;31625
modbus_test_data_part2[3].pcapng ;40034
modbus_test_data_part2[3].pcapng ;40035
modbus_test_data_part2[3].pcapng ;40036
modbus_test_data_part2[3].pcapng ;40058
modbus_test_data_part2[3].pcapng ;40060
modbus_test_data_part2[3].pcapng ;40863
modbus_test_data_part2[3].pcapng ;41280
modbus_test_data_part2[3].pcapng ;41281
modbus_test_data_part2[3].pcapng ;41282
modbus_test_data_part2[3].pcapng ;41284
modbus_test_data_part2[3].pcapng ;41287
modbus_test_data_part2[3].pcapng ;41288
modbus_test_data_part2[3].pcapng ;41289
modbus_test_data_part2[3].pcapng ;41290
modbus_test_data_part2[3].pcapng ;41291
modbus_test_data_part2[3].pcapng ;41292
modbus_test_data_part2[3].pcapng ;41293
modbus_test_data_part2[3].pcapng ;41294
modbus_test_data_part2[3].pcapng ;41295
modbus_test_data_part2[3].pcapng ;41296
modbus_test_data_part2[3].pcapng ;41297
modbus_test_data_part2[3].pcapng ;41300
modbus_test_data_part2[3].pcapng ;45341
modbus_test_data_part2[3].pcapng ;48881
modbus_test_data_part2[3].pcapng ;48885
modicon_test[3].pcapng ;16938
modicon_test[3].pcapng ;40060
modicon_test[3].pcapng ;44459
modicon_test[3].pcapng ;49934
modicon_test[3].pcapng ;50365
modicon_test[3].pcapng ;50402
modicon_test[3].pcapng ;50404
modicon_test[3].pcapng ;50408
s7_test[3].pcapng ;42210
s7_test[3].pcapng ;42225
s7_test[3].pcapng ;10000166
T0830-ARP_Poisoning_1-1[1].pcapng ;24466
T0830-ARP_Poisoning_1-1[1].pcapng ;25855
T0830-ARP_Poisoning_1-1[1].pcapng ;48883
T0830-ARP_Poisoning_1-1[1].pcapng ;16938
T0830-ARP_Poisoning_1-3[1].pcapng ;24466
T0830-ARP_Poisoning_1-3[1].pcapng ;25855
T0830-ARP_Poisoning_1-3[1].pcapng ;48883
T0830-ARP_Poisoning_1-3[1].pcapng ;16938
T0830-ARP_Poisoning_1-3[1].pcapng ;25830
T0830-ARP_Poisoning_1-3[1].pcapng ;48881
T0830-ARP_Poisoning_1-5[1].pcapng ;24466
T0830-ARP_Poisoning_1-5[1].pcapng ;25855
T0830-ARP_Poisoning_1-5[1].pcapng ;48883
T0830-ARP_Poisoning_1-5[1].pcapng ;16938
T0830-ARP_Poisoning_1-7[1].pcapng ;24466
T0830-ARP_Poisoning_1-7[1].pcapng ;25902
T0830-ARP_Poisoning_1-7[1].pcapng ;48886
T0830-ARP_Poisoning_1-7[1].pcapng ;16938
T0830-ARP_Poisoning_1-8[1].pcapng ;24466
T0830-ARP_Poisoning_1-8[1].pcapng ;25902
T0830-ARP_Poisoning_1-8[1].pcapng ;48886
T0830-ARP_Poisoning_1-8[1].pcapng ;16938
T0830-ARP_Poisoning_2-12[1].pcapng ;24466
T0830-ARP_Poisoning_2-12[1].pcapng ;25855
T0830-ARP_Poisoning_2-12[1].pcapng ;48883
T0830-ARP_Poisoning_2-12[1].pcapng ;16938
T0830-ARP_Poisoning_3-6[1].pcapng ;24466
T0830-ARP_Poisoning_3-6[1].pcapng ;25855
T0830-ARP_Poisoning_3-6[1].pcapng ;48883
T0830-ARP_Poisoning_3-6[1].pcapng ;16938
T0830-ARP_Poisoning_3-7[1].pcapng ;24466
T0830-ARP_Poisoning_3-7[1].pcapng ;25855
T0830-ARP_Poisoning_3-7[1].pcapng ;48883
T0830-ARP_Poisoning_3-7[1].pcapng ;16938
T0814-ICMP_Flood_2-5[1].pcapng ;24466
T0814-ICMP_Flood_2-5[1].pcapng ;16206
T0814-ICMP_Flood_2-10[1].pcapng ;24466
T0814-ICMP_Flood_3-2[1].pcapng ;24466
T0814-ICMP_Flood_3-5[1].pcapng ;24466
T0814-ICMP_Flood_3-5[1].pcapng ;16206
T0814-TCP_Flood_2-13[1].pcapng ;16206
T0831-Impact.pcapng;16206
T0831-Impact.pcapng;16250
T0831-Impact.pcapng;16321
T0831-Impact.pcapng;16938
T0831-Impact.pcapng;24466
T0831-Impact.pcapng;25902
T0831-Impact.pcapng;28198
T0831-Impact.pcapng;31755
T0831-Impact.pcapng;32609
T0831-Impact.pcapng;48886
T0814-InhibitResponseFunction.pcapng;16321
T0814-InhibitResponseFunction.pcapng;16938
T0814-InhibitResponseFunction.pcapng;17429
T0814-InhibitResponseFunction.pcapng;25855
T0814-InhibitResponseFunction.pcapng;25902
T0814-InhibitResponseFunction.pcapng;28198
T0814-InhibitResponseFunction.pcapng;31755
T0814-InhibitResponseFunction.pcapng;32609
T0814-InhibitResponseFunction.pcapng;48883
T0814-InhibitResponseFunction.pcapng;48886
T0814-InhibitResponseFunction_2.pcapng;16321
T0814-InhibitResponseFunction_2.pcapng;16938
T0814-InhibitResponseFunction_2.pcapng;24466
T0814-InhibitResponseFunction_2.pcapng;25902
T0814-InhibitResponseFunction_2.pcapng;48886
T0814-InhibitResponseFunction_3.pcapng;16321
T0814-InhibitResponseFunction_3.pcapng;16938
T0814-InhibitResponseFunction_3.pcapng;25902
T0814-InhibitResponseFunction_3.pcapng;48886
T0888-Discovery.pcapng;16206
T0888-Discovery.pcapng;24466
T0888-Discovery.pcapng;25834
T0888-Discovery.pcapng;34039
T0888-Discovery.pcapng;42966
T0888-Discovery.pcapng;42967
T0888-Discovery.pcapng;42983
T0888-Discovery.pcapng;42985
T0888-Discovery.pcapng;42989
T0888-Discovery.pcapng;42990
T0888-Discovery.pcapng;42999
T0888-Discovery.pcapng;43001
T0888-Discovery.pcapng;43007
T0888-Discovery.pcapng;43008
T0888-Discovery.pcapng;43034
T0888-Discovery.pcapng;43036
T0888-Discovery.pcapng;43098
T0822-InitialAccess.pcapng;10000388
T0822-InitialAccess.pcapng;16196
T0822-InitialAccess.pcapng;16206
T0822-InitialAccess.pcapng;25834
T0822-InitialAccess.pcapng;42960
T0822-InitialAccess.pcapng;42966
T0822-InitialAccess.pcapng;42967
T0822-InitialAccess.pcapng;42983
T0822-InitialAccess.pcapng;42990
T0822-InitialAccess.pcapng;42999
T0822-InitialAccess.pcapng;43004
T0822-InitialAccess.pcapng;43034
T0888-Discovery_2.pcapng;16250
T0888-Discovery_2.pcapng;24466
T0888-Discovery_2.pcapng;34038
T0888-Discovery_2.pcapng;34050
T0888-Discovery_2.pcapng;45361
T0888-Discovery_2.pcapng;53038
T0842-Discovery.pcapng;15896
T0842-Discovery.pcapng;34038
T0842-Discovery.pcapng;34039
T0888-Discovery_3.pcapng;16206
T0888-Discovery_3.pcapng;24466
T0822-InitialAccess_2.pcapng;10000483
T0822-InitialAccess_2.pcapng;16195
T0822-InitialAccess_2.pcapng;16208
T0822-InitialAccess_2.pcapng;17017
T0822-InitialAccess_2.pcapng;24483
T0822-InitialAccess_2.pcapng;27457
T0822-InitialAccess_2.pcapng;34039
T0822-InitialAccess_2.pcapng;44611
T0822-InitialAccess_2.pcapng;45361
T0822-InitialAccess_2.pcapng;53038
